{
    "Aimbot": {
        "AimKey": null,
        "Enabled": true,
        "LMGs": {
            "AutoCrouch": false,
            "AutoShoot": true,
            "AutoStop": false,
            "AutoWall": false,
            "CompensateRecoil": true,
            "CompensationX": 2.0,
            "CompensationY": 2.0,
            "DynamicSpot": true,
            "Enabled": true,
            "FOV": 180.0,
            "LMGsAutoShootFilter": {
                "Arms": true,
                "Chest": true,
                "Head": true,
                "Legs": true,
                "Stomach": true
            },
            "MaxInaccuracy": 0.5,
            "MinimumDamage": 1.0,
            "Silent": false,
            "SmokeCheck": true,
            "Smooth": true,
            "SmoothX": 1.0,
            "SmoothY": 1.0,
            "Spot": null,
            "TargetSwitchDelay": 0.0,
            "TeamCheck": true
        },
        "Pistols": {
            "AutoCrouch": false,
            "AutoShoot": true,
            "AutoStop": false,
            "AutoWall": false,
            "CompensateRecoil": true,
            "CompensationX": 2.0,
            "CompensationY": 2.0,
            "DynamicSpot": true,
            "Enabled": true,
            "FOV": 180.0,
            "MaxInaccuracy": 0.5,
            "MinimumDamage": 1.0,
            "PistolsAutoShootFilter": {
                "Arms": true,
                "Chest": true,
                "Head": true,
                "Legs": true,
                "Stomach": true
            },
            "Silent": false,
            "SmokeCheck": true,
            "Smooth": true,
            "SmoothX": 1.0,
            "SmoothY": 1.0,
            "Spot": null,
            "TargetSwitchDelay": 0.0,
            "TeamCheck": true
        },
        "Rifles": {
            "AutoCrouch": false,
            "AutoScope": false,
            "AutoShoot": true,
            "AutoStop": false,
            "AutoWall": false,
            "CompensateRecoil": true,
            "CompensationX": 2.0,
            "CompensationY": 2.0,
            "DynamicSpot": true,
            "Enabled": true,
            "FOV": 180.0,
            "MaxInaccuracy": 0.5,
            "MinimumDamage": 1.0,
            "RiflesAutoShootFilter": {
                "Arms": true,
                "Chest": true,
                "Head": true,
                "Legs": true,
                "Stomach": true
            },
            "ScopeCheck": false,
            "Silent": false,
            "SmokeCheck": true,
            "Smooth": true,
            "SmoothX": 1.0,
            "SmoothY": 1.0,
            "Spot": null,
            "TargetSwitchDelay": 0.0,
            "TeamCheck": true
        },
        "SMGs": {
            "AutoCrouch": false,
            "AutoShoot": true,
            "AutoStop": false,
            "AutoWall": false,
            "CompensateRecoil": true,
            "CompensationX": 2.0,
            "CompensationY": 2.0,
            "DynamicSpot": true,
            "Enabled": true,
            "FOV": 180.0,
            "MaxInaccuracy": 0.5,
            "MinimumDamage": 1.0,
            "SMGsAutoShootFilter": {
                "Arms": true,
                "Chest": true,
                "Head": true,
                "Legs": true,
                "Stomach": true
            },
            "Silent": false,
            "SmokeCheck": true,
            "Smooth": true,
            "SmoothX": 1.0,
            "SmoothY": 1.0,
            "Spot": null,
            "TargetSwitchDelay": 0.0,
            "TeamCheck": true
        },
        "Shotguns": {
            "AutoCrouch": false,
            "AutoShoot": true,
            "AutoStop": false,
            "AutoWall": false,
            "CompensateRecoil": true,
            "CompensationX": 2.0,
            "CompensationY": 2.0,
            "DynamicSpot": true,
            "Enabled": true,
            "FOV": 180.0,
            "MaxInaccuracy": 0.5,
            "MinimumDamage": 1.0,
            "ShotgunsAutoShootFilter": {
                "Arms": true,
                "Chest": true,
                "Head": true,
                "Legs": true,
                "Stomach": true
            },
            "Silent": false,
            "SmokeCheck": true,
            "Smooth": true,
            "SmoothX": 1.0,
            "SmoothY": 1.0,
            "Spot": null,
            "TargetSwitchDelay": 0.0,
            "TeamCheck": true
        },
        "Snipers": {
            "AutoCrouch": false,
            "AutoScope": false,
            "AutoShoot": true,
            "AutoStop": false,
            "AutoWall": false,
            "CompensateRecoil": true,
            "CompensationX": 2.0,
            "CompensationY": 2.0,
            "DynamicSpot": true,
            "Enabled": true,
            "FOV": 180.0,
            "MaxInaccuracy": 0.5,
            "MinimumDamage": 1.0,
            "ScopeCheck": false,
            "Silent": false,
            "SmokeCheck": true,
            "Smooth": true,
            "SmoothX": 1.0,
            "SmoothY": 1.0,
            "SnipersAutoShootFilter": {
                "Arms": true,
                "Chest": true,
                "Head": true,
                "Legs": true,
                "Stomach": true
            },
            "Spot": null,
            "TargetSwitchDelay": 0.0,
            "TeamCheck": true
        },
        "UseKey": true
    },
    "AntiAim": {
        "AntiAimX": false,
        "AntiAimY": false
    },
    "Bunnyhop": {
        "AutoStrafe": true,
        "BunnyhopKey": null,
        "Enabled": true,
        "StrafeType": null
    },
    "Chams": {
        "Arms": {
            "ArmsColor": {
                "ArmsAlpha": 255.0,
                "ArmsBlue": 255.0,
                "ArmsGreen": 255.0,
                "ArmsRed": 255.0
            },
            "Enabled": false,
            "Style": null
        },
        "Enabled": true,
        "Players": {
            "AllyChams": false,
            "AllyColor": {
                "AllyHiddenAlpha": 255.0,
                "AllyHiddenBlue": 1.0,
                "AllyHiddenGreen": 0.0,
                "AllyHiddenRed": 0.0,
                "AllyVisibleAlpha": 255.0,
                "AllyVisibleBlue": 1.0,
                "AllyVisibleGreen": 0.0,
                "AllyVisibleRed": 0.0
            },
            "AllyHidden": true,
            "Enabled": true,
            "EnemyChams": false,
            "EnemyColor": {
                "EnemyHiddenAlpha": 255.0,
                "EnemyHiddenBlue": 1.0,
                "EnemyHiddenGreen": 0.0,
                "EnemyHiddenRed": 0.0,
                "EnemyVisibleAlpha": 255.0,
                "EnemyVisibleBlue": 1.0,
                "EnemyVisibleGreen": 0.0,
                "EnemyVisibleRed": 0.0
            },
            "EnemyHidden": true
        }
    },
    "ChatSpammer": {
        "Enabled": false,
        "SpamDelay": 0.30000001192092896,
        "SpamMessage": null
    },
    "Crosshair": {
        "Color": {
            "Alpha": 255.0,
            "Blue": 255.0,
            "Green": 255.0,
            "Red": 255.0
        },
        "OverrideDefault": true,
        "RecoilCrosshair": false,
        "Rotation": 0.0,
        "Scale": 1.0,
        "SniperCrosshair": true,
        "SpreadCircle": true
    },
    "FOVChanger": {
        "FOV": 90.0,
        "FOVChangerEnabled": false,
        "ViewModelFOV": 0.0,
        "ViewModelFOVChangerEnabled": false
    },
    "FakeLag": {
        "Enabled": false,
        "PacketsToChoke": 1.0
    },
    "Misc": {
        "AutoAccept": true
    },
    "RCS": {
        "Enabled": true,
        "RCSStandalone": true,
        "StartAfterXBullets": 1.0
    },
    "Settings": {
        "Config": 3
    },
    "Visuals": {
        "NoFlash": false,
        "NoScope": false,
        "NoScreenShake": true,
        "NoSmokeOverlay": true,
        "NoVisualRecoil": false,
        "RevealRanks": true
    }
}