{
    "Aimbot": {
        "AimKey": 18,
        "Enabled": true,
        "LMGs": {
            "AutoCrouch": false,
            "AutoShoot": true,
            "AutoStop": true,
            "AutoWall": true,
            "CompensateRecoil": true,
            "CompensationX": 2.0,
            "CompensationY": 2.0,
            "DynamicSpot": true,
            "Enabled": true,
            "FOV": 180.0,
            "LMGsAutoShootFilter": {
                "Arms": true,
                "Chest": true,
                "Head": true,
                "Legs": true,
                "Stomach": true
            },
            "MaxInaccuracy": 0.07999999821186066,
            "MinimumDamage": 25.0,
            "Silent": true,
            "SmokeCheck": false,
            "Smooth": false,
            "SmoothX": 1.0,
            "SmoothY": 1.0,
            "Spot": 0,
            "TargetSwitchDelay": 0.0,
            "TeamCheck": true
        },
        "Pistols": {
            "AutoCrouch": false,
            "AutoShoot": true,
            "AutoStop": true,
            "AutoWall": true,
            "CompensateRecoil": true,
            "CompensationX": 2.0,
            "CompensationY": 2.0,
            "DynamicSpot": true,
            "Enabled": true,
            "FOV": 180.0,
            "MaxInaccuracy": 0.019999999552965164,
            "MinimumDamage": 40.0,
            "PistolsAutoShootFilter": {
                "Arms": true,
                "Chest": true,
                "Head": true,
                "Legs": true,
                "Stomach": true
            },
            "Silent": true,
            "SmokeCheck": false,
            "Smooth": false,
            "SmoothX": 1.0,
            "SmoothY": 1.0,
            "Spot": 0,
            "TargetSwitchDelay": 0.0,
            "TeamCheck": true
        },
        "Rifles": {
            "AutoCrouch": false,
            "AutoScope": true,
            "AutoShoot": true,
            "AutoStop": true,
            "AutoWall": true,
            "CompensateRecoil": true,
            "CompensationX": 2.0,
            "CompensationY": 2.0,
            "DynamicSpot": true,
            "Enabled": true,
            "FOV": 180.0,
            "MaxInaccuracy": 0.04999999701976776,
            "MinimumDamage": 20.0,
            "RiflesAutoShootFilter": {
                "Arms": true,
                "Chest": true,
                "Head": true,
                "Legs": true,
                "Stomach": true
            },
            "ScopeCheck": true,
            "Silent": true,
            "SmokeCheck": false,
            "Smooth": false,
            "SmoothX": 1.0,
            "SmoothY": 1.0,
            "Spot": 0,
            "TargetSwitchDelay": 0.0,
            "TeamCheck": true
        },
        "SMGs": {
            "AutoCrouch": false,
            "AutoShoot": true,
            "AutoStop": true,
            "AutoWall": true,
            "CompensateRecoil": true,
            "CompensationX": 2.0,
            "CompensationY": 2.0,
            "DynamicSpot": true,
            "Enabled": true,
            "FOV": 180.0,
            "MaxInaccuracy": 0.07999999821186066,
            "MinimumDamage": 40.0,
            "SMGsAutoShootFilter": {
                "Arms": true,
                "Chest": true,
                "Head": true,
                "Legs": true,
                "Stomach": true
            },
            "Silent": true,
            "SmokeCheck": false,
            "Smooth": false,
            "SmoothX": 1.0,
            "SmoothY": 1.0,
            "Spot": 0,
            "TargetSwitchDelay": 0.0,
            "TeamCheck": true
        },
        "Shotguns": {
            "AutoCrouch": false,
            "AutoShoot": true,
            "AutoStop": true,
            "AutoWall": true,
            "CompensateRecoil": true,
            "CompensationX": 2.0,
            "CompensationY": 2.0,
            "DynamicSpot": true,
            "Enabled": true,
            "FOV": 180.0,
            "MaxInaccuracy": 0.07999999821186066,
            "MinimumDamage": 40.0,
            "ShotgunsAutoShootFilter": {
                "Arms": true,
                "Chest": true,
                "Head": true,
                "Legs": true,
                "Stomach": true
            },
            "Silent": true,
            "SmokeCheck": false,
            "Smooth": false,
            "SmoothX": 1.0,
            "SmoothY": 1.0,
            "Spot": 0,
            "TargetSwitchDelay": 0.0,
            "TeamCheck": true
        },
        "Snipers": {
            "AutoCrouch": false,
            "AutoScope": true,
            "AutoShoot": true,
            "AutoStop": true,
            "AutoWall": true,
            "CompensateRecoil": true,
            "CompensationX": 2.0,
            "CompensationY": 2.0,
            "DynamicSpot": true,
            "Enabled": true,
            "FOV": 180.0,
            "MaxInaccuracy": 0.014999999664723873,
            "MinimumDamage": 50.0,
            "ScopeCheck": true,
            "Silent": true,
            "SmokeCheck": false,
            "Smooth": false,
            "SmoothX": 1.0,
            "SmoothY": 1.0,
            "SnipersAutoShootFilter": {
                "Arms": true,
                "Chest": true,
                "Head": true,
                "Legs": true,
                "Stomach": true
            },
            "Spot": 0,
            "TargetSwitchDelay": 0.0,
            "TeamCheck": true
        },
        "UseKey": false
    },
    "AntiAim": {
        "AntiAimX": false,
        "AntiAimY": false
    },
    "Bunnyhop": {
        "AutoStrafe": true,
        "BunnyhopKey": 32,
        "Enabled": true,
        "StrafeType": 0
    },
    "Chams": {
        "Arms": {
            "ArmsColor": {
                "ArmsAlpha": 40.0,
                "ArmsBlue": 255.0,
                "ArmsGreen": 255.0,
                "ArmsRed": 0.0
            },
            "Enabled": true,
            "Style": 0
        },
        "Enabled": true,
        "Players": {
            "AllyChams": true,
            "AllyColor": {
                "AllyHiddenAlpha": 255.0,
                "AllyHiddenBlue": 1.0,
                "AllyHiddenGreen": 255.0,
                "AllyHiddenRed": 0.0,
                "AllyVisibleAlpha": 255.0,
                "AllyVisibleBlue": 1.0,
                "AllyVisibleGreen": 255.0,
                "AllyVisibleRed": 0.0
            },
            "AllyHidden": true,
            "Enabled": true,
            "EnemyChams": true,
            "EnemyColor": {
                "EnemyHiddenAlpha": 255.0,
                "EnemyHiddenBlue": 255.0,
                "EnemyHiddenGreen": 0.0,
                "EnemyHiddenRed": 0.0,
                "EnemyVisibleAlpha": 255.0,
                "EnemyVisibleBlue": 0.0,
                "EnemyVisibleGreen": 0.0,
                "EnemyVisibleRed": 255.0
            },
            "EnemyHidden": true
        }
    },
    "ChatSpammer": {
        "Enabled": false,
        "SpamDelay": 0.30000001192092896,
        "SpamMessage": 3
    },
    "Colors": {
        "BaseColor": {
            "Alpha": 185.0,
            "Blue": 0.0,
            "Green": 0.0,
            "Red": 0.0
        },
        "BoxOffColor": {
            "Alpha": 255.0,
            "Blue": 127.0,
            "Green": 127.0,
            "Red": 127.0
        },
        "BoxOnColor": {
            "Alpha": 255.0,
            "Blue": 0.0,
            "Green": 0.0,
            "Red": 255.0
        },
        "BoxOutlineColor": {
            "Alpha": 255.0,
            "Blue": 0.0,
            "Green": 0.0,
            "Red": 0.0
        },
        "HighlightColor": {
            "Alpha": 160.0,
            "Blue": 0.0,
            "Green": 0.0,
            "Red": 160.0
        },
        "IndentifierOffColor": {
            "Alpha": 255.0,
            "Blue": 0.0,
            "Green": 255.0,
            "Red": 255.0
        },
        "IndentifierOnColor": {
            "Alpha": 255.0,
            "Blue": 0.0,
            "Green": 0.0,
            "Red": 255.0
        },
        "TextColor": {
            "Alpha": 255.0,
            "Blue": 0.0,
            "Green": 255.0,
            "Red": 255.0
        }
    },
    "Crosshair": {
        "Color": {
            "Alpha": 255.0,
            "Blue": 0.0,
            "Green": 255.0,
            "Red": 0.0
        },
        "OverrideDefault": true,
        "RecoilCrosshair": true,
        "Rotation": 0.0,
        "Scale": 1.0,
        "Size": 30.0,
        "SniperCrosshair": true,
        "SpreadCircle": true
    },
    "FOVChanger": {
        "FOV": 120.0,
        "FOVChangerEnabled": false,
        "ViewModelFOV": 100.5,
        "ViewModelFOVChangerEnabled": true
    },
    "FakeLag": {
        "Enabled": false,
        "PacketsToChoke": 10.0
    },
    "Misc": {
        "AutoAccept": true
    },
    "RCS": {
        "Enabled": true,
        "RCSStandalone": true,
        "StartAfterXBullets": 0.0
    },
    "Settings": {
        "Config": 2,
        "Scale": 1.0
    },
    "Visuals": {
        "NoFlash": true,
        "NoScope": true,
        "NoScreenShake": true,
        "NoSmokeOverlay": true,
        "NoVisualRecoil": false,
        "RevealRanks": true
    }
}